Kyoko, Mahr
Miss, Donahue
Keila, Dau
Despina, Stcyr
Ricardo, Casado
Callie, Bateman
Boris, Sutter
Ellan, Nuckols
Colene, Bernett
Grant, Scarbrough
Johnetta, Lutz
Eldridge, Poynor
Aleisha, Engelhardt
Janetta, Mcpartland
Kiley, Briley
Stefania, Feth
Dortha, Westberry
Tanya, Mazurek
Reanna, Hydrick
Tereasa, Brasel
Lyndia, Hansen
Ilse, Silvestri
Kara, Votaw
Bronwyn, Lobaugh
Hobert, Strub
Sheryll, Lague
Keitha, Eaglin
Sherry, Gearhart
Kathryn, Boose
Clyde, Mastroianni
Violeta, Quan
Melanie, Pryce
Pamella, Dimery
Aleen, Solt
Temple, Iacovelli
Esperanza, Ashline
Leah, Wooley
Jocelyn, Hayslip
Karissa, Wiley
Denise, Fazenbaker
Myrle, Heaney
Edward, Wing
Yetta, Bowsher
Athena, Ouzts
Mona, Atencio
Ozella, Conyers
Roy, Biscoe
Barney, York
Raisa, Scaglione
Easter, Rodriguez
